Marketing Assistant,1
VP Sales,2
Biostatistician IV,3
Account Representative II,4
VP Marketing,5
Environmental Specialist,6
Software Consultant,7
Office Assistant III,8
Information Systems Manager,9
Desktop Support Technician,10
Financial Advisor,11
Computer Systems Analyst I,12
Automation Specialist IV,13
Help Desk Technician,14
Office Assistant II,15
VP Quality Control,16
Office Assistant IV,17
Financial Analyst,18
Electrical Engineer,19
Chemical Engineer,20
Social Worker,21
VP Product Management,22
Administrative Officer,23
Paralegal,24
Actuary,25
Database Administrator I,26
Nuclear Power Engineer,27
Database Administrator II,28
GIS Technical Architect,29
Human Resources Assistant IV,30
Marketing Manager,31
Structural Engineer,32
General Manager,33
Chief Design Engineer,34
Senior Quality Engineer,35
Pharmacist,36
Accounting Assistant IV,37
Web Developer I,38
Automation Specialist I,39
Assistant Manager,40
Director of Sales,41
Systems Administrator II,42
Geological Engineer,43
Staff Accountant IV,44
Senior Cost Accountant,45
Geologist IV,46
Graphic Designer,47
Account Executive,48
Staff Scientist,49
VP Accounting,50
Quality Control Specialist,51
Structural Analysis Engineer,52
Food Chemist,53
Systems Administrator IV,54
Software Test Engineer IV,55
Analyst Programmer,56
Clinical Specialist,57
Teacher,58
Budget/Accounting Analyst IV,59
Recruiter,60
Geologist II,61
Associate Professor,62
Executive Secretary,63
Senior Editor,64
Civil Engineer,65
Junior Executive,66
Senior Financial Analyst,67
Programmer IV,68
Biostatistician III,69
Dental Hygienist,70
Statistician II,71
Web Designer I,72
Sales Representative,73
Engineer III,74
Community Outreach Specialist,75
Budget/Accounting Analyst III,76
Database Administrator III,77
Recruiting Manager,78
Programmer III,79
Quality Engineer,80
Health Coach IV,81
Assistant Professor,82
Cost Accountant,83
Software Engineer I,84
Research Assistant II,85
Research Assistant IV,86
Accountant I,87
Accountant IV,88
Account Representative IV,89
Computer Systems Analyst IV,90
Product Engineer,91
Account Coordinator,92
Engineer IV,93
Software Engineer III,94
Web Designer II,95
Health Coach III,96
Media Manager III,97
Librarian,98
Environmental Tech,99
Senior Developer,100
Software Test Engineer I,101
Analog Circuit Design manager,102
Project Manager,103
Occupational Therapist,104
Registered Nurse,105
Operator,106
Legal Assistant,107
Nurse,108
Technical Writer,109
Senior Sales Associate,110
Programmer I,111
Administrative Assistant I,112
Internal Auditor,113
Professor,114
Tax Accountant,115
Data Coordiator,116
Mechanical Systems Engineer,117
Web Developer II,118
Programmer Analyst IV,119
Editor,120
Web Developer III,121
Assistant Media Planner,122
Statistician I,123
Physical Therapy Assistant,124
Nurse Practicioner,125
Budget/Accounting Analyst II,126
Developer II,127
Budget/Accounting Analyst I,128
Accounting Assistant II,129
Programmer Analyst II,130
Help Desk Operator,131
Staff Accountant III,132
Computer Systems Analyst III,133
Developer III,134
Human Resources Manager,135
Payment Adjustment Coordinator,136
Account Representative III,137
Web Designer III,138
Database Administrator IV,139
Safety Technician I,140
Web Designer IV,141
Human Resources Assistant II,142
Health Coach I,143
Safety Technician II,144
Biostatistician II,145
Speech Pathologist,146
Design Engineer,147
Human Resources Assistant III,148
Safety Technician IV,149
Sales Associate,150
Accountant II,151
Developer I,152
Geologist I,153
Statistician III,154
Research Assistant III,155
Developer IV,156
Research Associate,157
Accounting Assistant I,158
Media Manager IV,159
Media Manager II,160
Software Test Engineer III,161
Compensation Analyst,162
Research Nurse,163
Administrative Assistant III,164
Computer Systems Analyst II,165
Accountant III,166
Administrative Assistant II,167
Staff Accountant II,168
Accounting Assistant III,169
Media Manager I,170
Safety Technician III,171
Engineer I,172
Research Assistant I,173
Software Engineer IV,174
Business Systems Development Analyst,175
Biostatistician I,176
Health Coach II,177
Staff Accountant I,178
Software Engineer II,179
Statistician IV,180
Programmer Analyst I,181
Account Representative I,182
Administrative Assistant IV,183
